{
    "site": {
      "title": "BuyArt",
      "header": {
        "logo": "BuyArt",
        "buttons": [
          {
            "position": "left",
            "icon": "post.png",
            "width": 50,
            "onclick": "alert"
          },
          {
            "position": "right",
            "icon": "perfil.png",
            "width": 50,
            "onclick": "alert"
          },
          {
            "position": "right",
            "icon": "config.png",
            "width": 50,
            "onclick": "alert"
          }
        ]
      },
      "searchBar": {
        "placeholder": "Pesquisar arte ou artista...",
        "onkeyup": "filterPosts()"
      },
      "content": [
        {
          "post": {
            "image": {
              "src": "Digital1.jpg",
              "width": 800
            },
            "details": {
              "title": "Digital Art",
              "artist": "Artista1",
              "buttons": [
                {
                  "type": "like",
                  "icon": "like.png",
                  "width": 80,
                  "onclick": "alert"
                }
              ]
            }
          }
        },
        {
          "post": {
            "image": {
              "src": "Game3.jpg",
              "width": 800
            },
            "details": {
              "title": "Digital Art",
              "artist": "Akali",
              "buttons": [
                {
                  "type": "like",
                  "icon": "like.png",
                  "width": 80,
                  "onclick": "alert"
                }
              ]
            }
          }
        },
        {
          "post": {
            "image": {
              "src": "Pixel2.webp",
              "width": 800
            },
            "details": {
              "title": "Digital Art",
              "artist": "Kyogre",
              "buttons": [
                {
                  "type": "like",
                  "icon": "like.png",
                  "width": 80,
                  "onclick": "alert"
                }
              ]
            }
          }
        }
      ],
      "footer": {
        "buttons": [
          {
            "type": "message",
            "icon": "mensagem.webp",
            "width": 50,
            "onclick": "alert"
          }
        ]
      }
    }
  }
  